Scenario,Annual Time Savings (h),Annual CO2 Savings (t),PV Benefits (€),PV Costs (€),NPV (€),BCR
Capacity +20%,0.0,654.8,889894.5690684847,7038548.951745154,-6148654.382676669,0.12643153797315598
BRT,0.0,16.160000000000004,21961.967373467804,5077097.903490309,-5055135.936116841,0.004325693100849956
Adaptive Signals,0.0,1309.6,1779789.1381369694,1479516.317248385,300272.8208885845,1.2029533688733045
