Scenario,Annual Time Savings (h),Annual CO2 Savings (t),Annual Revenue (€),PV Benefits (€),PV Costs (€),NPV (€),BCR
Capacity +20%,1296.7023470748488,654.8,0,1154233.690103976,7038548.951745154,-5884315.261641178,0.163987449404297
Adaptive Signals,914.7342100183006,1309.6,0,1966262.1846327933,1479516.317248385,486745.86738440837,1.3289898608821442
Low Emission Zone,3.108822037260862,4930.639999999991,0,6701534.417545663,4097581.586241924,2603952.831303739,1.635485292116402
