Scenario,Annual Time Savings (h),Annual CO2 Savings (t),PV Benefits (€),PV Costs (€),NPV (€),BCR,NPV_norm,BCR_norm,Time_norm,CO2_norm,MCA Score
Adaptive Signals,0.0,1309.6,1779789.1381369694,1479516.317248385,300272.8208885845,1.2029533688733045,1.0,1.0,1.0,1.0,0.9999999999999999
Capacity +20%,0.0,654.8,889894.5690684847,7038548.951745154,-6148654.382676669,0.12643153797315598,0.0,0.10187137118589809,1.0,0.49375309252845134,0.2799367206086146
BRT,0.0,16.160000000000004,21961.967373467804,5077097.903490309,-5055135.936116841,0.004325693100849956,0.16956594671363062,0.0,1.0,0.0,0.2678263786854523
