Scenario,Total Demand,Total Capacity,Mean V/C,Max V/C,% Congested
Baseline,163700.0,1679561026.0,0.2224326420330702,12.484285714285715,6.094903567827756
Capacity +20%,163700.0,2015473231.2000005,0.18536053502755848,10.403571428571428,4.7516830910332715
BRT,163659.6,1679167579.8999999,0.22247380841524642,12.484285714285715,6.094903567827756
Adaptive Signals,163700.0,1813925908.0800002,0.19854172862951824,11.143380952380951,5.213516765863336
