Scenario,Total Demand,Total Capacity,Mean V/C,Max V/C,% Congested
Baseline,163700.0,1679561026.0,0.2224326420330702,12.484285714285715,6.094903567827756
Capacity +20%,163700.0,2015473231.2000005,0.18536053502755848,10.403571428571428,4.7516830910332715
Adaptive Signals,163700.0,1813925908.0800002,0.19854172862951824,11.143380952380951,5.213516765863336
Low Emission Zone,151373.40000000002,1679561026.0,0.22235795770787403,12.483999354176248,6.094903567827756
