{
  "Origins - Destinations Reachable": 0.1055030475822043,
  "Origins - Total Volume": 0.22704858881498158,
  "Origins - Avg Distance": 0.17236922401142807,
  "Destinations - Origins Connecting": 0.2795763477793032,
  "Destinations - Total Volume": 0.6568597187981626,
  "Destinations - Avg Distance": 0.16538102335890414
}